{"cameraMode":{"drawMode":0,"name":"Shaded","section":"Shading Mode"},"sceneLighting":false,"audioPlay":false,"sceneViewState":{"showFog":true,"showMaterialUpdate":true,"showSkybox":false,"showFlares":true,"showImageEffects":true,"showParticleSystems":true},"in2DMode":false,"pivot":{"x":2.5999999046325685,"y":0.0,"z":3.499326705932617},"rotation":{"x":-0.1289231926202774,"y":-0.020230326801538469,"z":0.002631915034726262,"w":-0.991448700428009},"size":1.2247449159622193,"orthographic":false}